pattern	page	components (route imports)	query hooks / GET APIs	mutations	focused test
/	OverviewPage	Button; Card; Chip; FilterBar; PageShell; overview chart/data components	useOverview GET /overview; useSourceMetrics GET /source-metrics; useAnalysisMetrics GET /analysis-metrics; useSavedSearches GET /saved-searches	useCreateSavedSearch; useOpenSavedSearch; useRenameSavedSearch; useDeleteSavedSearch	OverviewPage.test.tsx
/inbox	InboxPage	ApplicationPanel; Button; Card; Chip; FilterBar; FilterPill; PageShell; Pagination; SearchInput; states; analysis display components	useInbox GET /inbox; saved search list/count GET /saved-searches and /saved-searches/{id}/new-count	useMarkRelevance; useCreateSavedSearch; useOpenSavedSearch; useRenameSavedSearch; useDeleteSavedSearch	InboxPage.test.tsx
/opportunities/:opportunityId	OpportunityDetailPage	ApplicationPanel; Button; Card; Chip; PageShell; analysis display components; states	useOpportunity GET /opportunities/{id}; useLatestAssessment GET /matches?opportunity_id=...; useDuplicateCandidates GET /opportunities/{id}/duplicate-candidates; useOpportunityApplication GET /applications	useMarkRelevance; useEvaluateOpportunity; useAnalyzeAssessment; useConfirmDuplicate; useRejectDuplicate; useStartApplication; useTransitionApplication; useSetNextAction	OpportunityDetailPage.test.tsx
/applications	PipelinePage	Button; Card; Chip; PageShell; Pagination; skeletons; states	useApplications GET /applications?application_status=ACTIVE and CLOSED	—	PipelinePage.test.tsx
/companies	CompaniesPage	Button; Card; Chip; cells; CompanyForm; DataTable; FilterBar; PageShell; PageSizeSelect; Pagination; SearchInput; skeletons; states	useCompanies GET /companies?page=...&page_size=...	useRegisterCompany	CompaniesPage.test.tsx
/companies/:companyId	CompanyDetailPage	Button; Card; Chip; CompanyForm; CompanySourceForm; PageShell; StatusBadge; states	useCompany GET /companies/{id}; useInbox GET /inbox (latest opportunities, 15 s polling)	useUpdateCompany; useDetectCompanySource; useSaveCompanySource; useReopenHomologation	CompanyDetailPage.test.tsx
/sources	SourcesPage	Button; cells; DataTable; FilterBar; FilterPill; ManualIntakePanel; PageShell; skeletons; states; SourceControlsPanel; SourceCreateForm; StatusBadge; Unavailable; SearchInput	useSourceHealth GET /source-health; useSourceCoverage GET /source-coverage; useSourceRuns GET /source-runs?source_id=...; SourceControlsPanel useSource GET /sources/{id} when controls open	useRunSource; useCreateSource; useUpdateSourceControls; useUpdateSourceSchedule; useManualIntake; useProbeSource	SourcesPage.test.tsx
/sources/homologation-queue	HomologationQueuePage	HomologationQueue; PageShell	useActiveProfile GET /profile; HomologationQueue useSourceHealth GET /source-health?status=proposed; per-source controls useSource GET /sources/{id} when opened	useProbeQueue; useProbeSource; useUpdateSourceControls; useReopenHomologation	HomologationQueue.test.tsx
/profile	ProfilePage	Button; Field; PageShell; states	useActiveProfile GET /profile; useProfileVersions GET /profile/versions	useSaveProfile	ProfilePage.test.tsx
/status	StatusPage	Button; Card; Chip; PageShell	useReadiness GET /health/ready and /health	—	StatusPage.test.tsx
*	OverviewPage (fallback)	Same component graph as /	Same data hooks and GET APIs as /	Same mutations as /	No dedicated wildcard test; OverviewPage.test.tsx covers page content
